dsld_id,name_en,name_ja,brand,serving_size,category,barcode
DSLD_0733739025401,Propolis 1500,Propolis 1500,NOW Foods,1 serving,vitamins,0733739025401
DSLD_0733739012890,Magnesium Glycinate,Magnesium Glycinate,NOW Foods,1 serving,vitamins,0733739012890
DSLD_3270160829538,Moelleux au chocolat minute,Moelleux au chocolat minute,NOW Foods,1 serving,supplements,3270160829538
DSLD_0733739069160,Organic Monk Fruit Liquid Sweetener,Organic Monk Fruit Liquid Sweetener,NOW Foods,1 serving,supplements,0733739069160
DSLD_0733739023148,Sunflower Lecithin Pure Powder,Sunflower Lecithin Pure Powder,NOW Foods,1 serving,supplements,0733739023148
DSLD_0733739003737,Now Foods Vitamin D-3 Structural Support Softgels 5000 Iu,Now Foods Vitamin D-3 Structural Support Softgels 5000 Iu,NOW Foods,1 serving,vitamins,0733739003737
DSLD_0733739076205,Spearmint Oil,Spearmint Oil,NOW Foods,1 serving,supplements,0733739076205
DSLD_8711327461536,save our swirled now!,save our swirled now!,Ben & jerry’s,1 serving,supplements,8711327461536
DSLD_0733739069061,Organic Agave Nectar Light,Organic Agave Nectar Light,NOW Foods,1 serving,supplements,0733739069061
DSLD_0733739070197,Dry Roasted Macadamia Nuts With Sea Salt,Dry Roasted Macadamia Nuts With Sea Salt,NOW Foods,1 serving,supplements,0733739070197
DSLD_0733739016621,Now Ultra Omega-3,Now Ultra Omega-3,NOW Foods,1 serving,vitamins,0733739016621
DSLD_0733739066787,Organic Raw Cacao Powder,Organic Raw Cacao Powder,NOW Foods,1 serving,supplements,0733739066787
DSLD_0733739070302,Raw Energy Nut Mix Unsalted,Raw Energy Nut Mix Unsalted,NOW Foods,1 serving,supplements,0733739070302
DSLD_0733739066725,Organic Cocoa Powder,Organic Cocoa Powder,NOW Foods,1 serving,supplements,0733739066725
DSLD_0733739056962,Organic Crystallized Ginger Dices,Organic Crystallized Ginger Dices,NOW Foods,1 serving,supplements,0733739056962
DSLD_0733739017253,Organic Virgin Coconut Oil,Organic Virgin Coconut Oil,NOW Foods,1 serving,supplements,0733739017253
DSLD_0733739024558,Nutritional Yeast Flakes,Nutritional Yeast Flakes,NOW Foods,1 serving,supplements,0733739024558
DSLD_0733739069078,Organic Brown Rice Syrup,Organic Brown Rice Syrup,NOW Foods,1 serving,supplements,0733739069078
DSLD_0733739069207,Organic Date Sugar,Organic Date Sugar,NOW Foods,1 serving,supplements,0733739069207
DSLD_0733739069528,Organic Glycerite Zero-Calorie Liquid Sweetener,Organic Glycerite Zero-Calorie Liquid Sweetener,NOW Foods,1 serving,supplements,0733739069528
DSLD_0733739069832,Xylitol,Xylitol,NOW Foods,1 serving,supplements,0733739069832
DSLD_0811892028580,Guacamole Now Mild,Guacamole Now Mild,Cabo Fresh,1 serving,supplements,0811892028580
DSLD_0733739069597,Original Liquid Sweetener,Original Liquid Sweetener,NOW Foods,1 serving,supplements,0733739069597
DSLD_0733739069177,Organic Coconut Flour,Organic Coconut Flour,NOW Foods,1 serving,supplements,0733739069177
DSLD_0733739969866,Xylitol,Xylitol,NOW Foods,1 serving,supplements,0733739969866
DSLD_73374497,DHA-500,DHA-500,NOW Foods,1 serving,vitamins,73374497
DSLD_73370161,DHA-500,DHA-500,NOW Foods,1 serving,vitamins,73370161
DSLD_0733739016133,DHA-500,DHA-500,NOW Foods,1 serving,vitamins,0733739016133
DSLD_0733739059819,Whole Psyllium Husks,Whole Psyllium Husks,NOW Foods,1 serving,supplements,0733739059819
DSLD_0733739069214,Organic erythritol,Organic erythritol,NOW Foods,1 serving,supplements,0733739069214
DSLD_0733739070418,"Organic Raw Almonds, Unsalted","Organic Raw Almonds, Unsalted",NOW Foods,1 serving,supplements,0733739070418
DSLD_0733739069191,Instant Tabs Zero-Calorie Sweetener,Instant Tabs Zero-Calorie Sweetener,NOW Foods,1 serving,supplements,0733739069191
DSLD_0733739070227,Organic Brazil nuts unsalted,Organic Brazil nuts unsalted,NOW Foods,1 serving,supplements,0733739070227
DSLD_0733739071248,Organic Monk Fruit,Organic Monk Fruit,NOW Foods,1 serving,supplements,0733739071248
DSLD_0733739066763,Organic raw cacao nibs,Organic raw cacao nibs,NOW Foods,1 serving,supplements,0733739066763
DSLD_0733739016539,Omega 3,Omega 3,NOW Foods,1 serving,fatty_acids,0733739016539
DSLD_0733739070128,Whole Raw Brazil Nuts Unsalted,Whole Raw Brazil Nuts Unsalted,NOW Foods,1 serving,supplements,0733739070128
DSLD_0733739023728,Sunflower Liquid Lecithin,Sunflower Liquid Lecithin,NOW Foods,1 serving,supplements,0733739023728
DSLD_0733739064103,Agar Powder,Agar Powder,NOW Foods,1 serving,supplements,0733739064103
DSLD_0733739024602,Nutritional Yeast Powder,Nutritional Yeast Powder,NOW Foods,1 serving,supplements,0733739024602
DSLD_0733739071200,Organic Monk Fruit Extract Powder,Organic Monk Fruit Extract Powder,NOW Foods,1 serving,supplements,0733739071200
DSLD_03972706,now Real Food Whole Wheat Sesame Sticks,now Real Food Whole Wheat Sesame Sticks,NOW Foods,1 serving,supplements,03972706
DSLD_0811892028801,Guacamole Now Squeeze Mild,Guacamole Now Squeeze Mild,Cabo Fresh,1 serving,supplements,0811892028801
DSLD_0733739066817,Organic Slender Hot Cocoa,Organic Slender Hot Cocoa,NOW Foods,1 serving,supplements,0733739066817
DSLD_0733739070234,Organic Raw Pumpkin Seeds Unsalted,Organic Raw Pumpkin Seeds Unsalted,NOW Foods,1 serving,supplements,0733739070234
DSLD_0733739070739,Raw Walnuts Unsalted,Raw Walnuts Unsalted,NOW Foods,1 serving,supplements,0733739070739
DSLD_0733739070746,Organic Raw Walnuts Unsalted,Organic Raw Walnuts Unsalted,NOW Foods,1 serving,supplements,0733739070746
DSLD_0733739869838,Xylitol,Xylitol,NOW Foods,1 serving,supplements,0733739869838
DSLD_0733739064110,Agar powder,Agar powder,NOW Foods,1 serving,supplements,0733739064110
DSLD_0733739070258,Raw Pumpkin Seeds Unsalted,Raw Pumpkin Seeds Unsalted,NOW Foods,1 serving,supplements,0733739070258
DSLD_0733739062444,Organic Chia Seed,Organic Chia Seed,NOW Foods,1 serving,supplements,0733739062444
DSLD_0733739070166,Organic Raw Pine Nuts,Organic Raw Pine Nuts,NOW Foods,1 serving,supplements,0733739070166
DSLD_0733739000866,"Now Foods, Cna,600 MG,250 Veggie Caps.","Now Foods, Cna,600 MG,250 Veggie Caps.",NOW Foods,1 serving,supplements,0733739000866
DSLD_0733739004710,"Now Foods Biotin 5000mcg, 60 Vcaps","Now Foods Biotin 5000mcg, 60 Vcaps",NOW Foods,1 serving,supplements,0733739004710
DSLD_0733739050403,Guar Gum,Guar Gum,NOW Foods,1 serving,supplements,0733739050403
DSLD_0733739059963,Stabilized Rice Bran,Stabilized Rice Bran,NOW Foods,1 serving,supplements,0733739059963
DSLD_0733739073204,Citric acid,Citric acid,NOW Foods,1 serving,supplements,0733739073204
DSLD_0733739033086,"Now Foods, Candida Klar, 90 Vcaps &#91;körperpflege&#93;","Now Foods, Candida Klar, 90 Vcaps &#91;körperpflege&#93;",NOW Foods,1 serving,supplements,0733739033086
DSLD_0733739069023,Organic Confectioner's Erythritol,Organic Confectioner's Erythritol,NOW Foods,1 serving,supplements,0733739069023
DSLD_0733739864109,Agar Powder,Agar Powder,NOW Foods,1 serving,supplements,0733739864109
DSLD_0733739012951,Magnesium Citrate Pure Powder,Magnesium Citrate Pure Powder,NOW Foods,1 serving,minerals,0733739012951
DSLD_0733739071149,Organic Pumpkin Spice Monk Fruit,Organic Pumpkin Spice Monk Fruit,NOW Foods,1 serving,supplements,0733739071149
DSLD_0733739069603,Organic Extract Powder Zero-Calorie Sweetener,Organic Extract Powder Zero-Calorie Sweetener,NOW Foods,1 serving,supplements,0733739069603
DSLD_0733739069863,Xylitol,Xylitol,NOW Foods,1 serving,supplements,0733739069863
DSLD_0719196200322,"Tipu's Chai Now, Chai Tea Latte","Tipu's Chai Now, Chai Tea Latte",Vassallo Foods  Inc.,1 serving,supplements,0719196200322
DSLD_0719196200353,"Tipu's Chai Now, Sweetened Chai Tea","Tipu's Chai Now, Sweetened Chai Tea",Vassallo Foods  Inc.,1 serving,supplements,0719196200353
DSLD_0733739017260,Organic Virgin Coconut Oil,Organic Virgin Coconut Oil,NOW Foods,1 serving,supplements,0733739017260
DSLD_0733739018809,Wheat Germ Oil Liquid,Wheat Germ Oil Liquid,NOW Foods,1 serving,supplements,0733739018809
DSLD_0733739056986,Organic GoldenBerries,Organic GoldenBerries,NOW Foods,1 serving,supplements,0733739056986
DSLD_0733739057006,Mango Slices,Mango Slices,NOW Foods,1 serving,supplements,0733739057006
DSLD_0733739062413,Organic White Chia Seeds,Organic White Chia Seeds,NOW Foods,1 serving,supplements,0733739062413
DSLD_0733739063144,Organic Tri-Color Quinoa,Organic Tri-Color Quinoa,NOW Foods,1 serving,supplements,0733739063144
DSLD_0733739066718,Certified Organic Hot Cocoa,Certified Organic Hot Cocoa,NOW Foods,1 serving,supplements,0733739066718
DSLD_0733739069092,Organic Agave Nectar Amber,Organic Agave Nectar Amber,NOW Foods,1 serving,supplements,0733739069092
DSLD_0733739069221,Liquid Sweetener,Liquid Sweetener,NOW Foods,1 serving,supplements,0733739069221
DSLD_0733739070524,Organic Raw Sunflower Seeds Unsalted,Organic Raw Sunflower Seeds Unsalted,NOW Foods,1 serving,supplements,0733739070524
DSLD_0733739070661,"Organic Whole, Raw Cashews Unsalted","Organic Whole, Raw Cashews Unsalted",NOW Foods,1 serving,supplements,0733739070661
DSLD_0733739070678,Roasted Cashews Lightly Sea Salted,Roasted Cashews Lightly Sea Salted,NOW Foods,1 serving,supplements,0733739070678
DSLD_0733739062956,Organic Steel Cut Oats,Organic Steel Cut Oats,NOW Foods,1 serving,supplements,0733739062956
DSLD_0733739037718,Daily Vits,Daily Vits,NOW Foods,1 serving,vitamins,0733739037718
DSLD_0733739063236,Organic Triple Omega Seed Mix,Organic Triple Omega Seed Mix,NOW Foods,1 serving,fatty_acids,0733739063236
DSLD_0733739069658,Organic Sucanat Cane Sugar,Organic Sucanat Cane Sugar,NOW Foods,1 serving,supplements,0733739069658
DSLD_0733739072504,Mung beans,Mung beans,NOW Foods,1 serving,supplements,0733739072504
DSLD_0733739860064,Almond Flour,Almond Flour,NOW Foods,1 serving,supplements,0733739860064
DSLD_0733739063069,Organic popcorn,Organic popcorn,NOW Foods,1 serving,supplements,0733739063069
DSLD_0733739062819,Organic Hemp Seed Hearts,Organic Hemp Seed Hearts,NOW Foods,1 serving,supplements,0733739062819
DSLD_0733739071163,Organic Monk Fruit Liquid Sweetener,Organic Monk Fruit Liquid Sweetener,NOW Foods,1 serving,supplements,0733739071163
DSLD_0733739062680,Organic Golden flax seeds,Organic Golden flax seeds,NOW Foods,1 serving,supplements,0733739062680
DSLD_0733739017352,Organic Virgin Coconut Oil,Organic Virgin Coconut Oil,NOW Foods,1 serving,supplements,0733739017352
DSLD_0733739069474,Organic Maple Syrup Grade A Medium Amber,Organic Maple Syrup Grade A Medium Amber,NOW Foods,1 serving,supplements,0733739069474
DSLD_0733739056955,Organic Crystallized Ginger Slices,Organic Crystallized Ginger Slices,NOW Foods,1 serving,supplements,0733739056955
DSLD_0811892024803,Guacamole Now Squeeze Fiesta,Guacamole Now Squeeze Fiesta,Cabo Fresh,1 serving,supplements,0811892024803
DSLD_0733739069153,Organic Coconut Sugar,Organic Coconut Sugar,NOW Foods,1 serving,supplements,0733739069153
DSLD_0733739067593,Whole Wheat Sesame Sticks,Whole Wheat Sesame Sticks,NOW Foods,1 serving,supplements,0733739067593
DSLD_0733739068910,Red dragon fruit chips,Red dragon fruit chips,NOW Foods,1 serving,supplements,0733739068910
DSLD_0733739066695,Carob Powder,Carob Powder,NOW Foods,1 serving,supplements,0733739066695
DSLD_0733739072719,zesty sprouting mix,zesty sprouting mix,NOW Foods,1 serving,supplements,0733739072719
DSLD_0733739061027,Organic Sprouted Brown Rice Raw,Organic Sprouted Brown Rice Raw,NOW Foods,1 serving,supplements,0733739061027
DSLD_0733739063038,Organic Rolled Oats,Organic Rolled Oats,NOW Foods,1 serving,supplements,0733739063038
DSLD_0733739070050,Raw Almonds Unsalted,Raw Almonds Unsalted,NOW Foods,1 serving,supplements,0733739070050
DSLD_0733739069443,Organic Maple Syrup Grade A Dark,Organic Maple Syrup Grade A Dark,NOW Foods,1 serving,supplements,0733739069443
DSLD_0733739869210,Organic Erythritol,Organic Erythritol,NOW Foods,1 serving,supplements,0733739869210
DSLD_0733739062604,Organic Flax Seeds,Organic Flax Seeds,NOW Foods,1 serving,supplements,0733739062604
DSLD_0733739056207,Certified Organic Unsweetened Apricots,Certified Organic Unsweetened Apricots,NOW Foods,1 serving,supplements,0733739056207
DSLD_0733739070012,Raw Pecans Unsalted,Raw Pecans Unsalted,NOW Foods,1 serving,supplements,0733739070012
DSLD_0733739069511,Organic Maple Syrup Grade A Dark,Organic Maple Syrup Grade A Dark,NOW Foods,1 serving,supplements,0733739069511
DSLD_0733739069481,Organic Maple Syrup Grade A Dark,Organic Maple Syrup Grade A Dark,NOW Foods,1 serving,supplements,0733739069481
DSLD_0733739070005,Marcona Almonds Blanched,Marcona Almonds Blanched,NOW Foods,1 serving,supplements,0733739070005
DSLD_0733739062741,Organic Golden Flax Seed Meal,Organic Golden Flax Seed Meal,NOW Foods,1 serving,supplements,0733739062741
DSLD_0733739067173,Cajun sesame sticks,Cajun sesame sticks,NOW Foods,1 serving,supplements,0733739067173
DSLD_0733739070210,Roasted Pistachios With Sea Salt,Roasted Pistachios With Sea Salt,NOW Foods,1 serving,supplements,0733739070210
DSLD_0733739071408,Manuka honey,Manuka honey,NOW Foods,1 serving,supplements,0733739071408
DSLD_0733739058324,Organic Non-Fat Dry Milk Powder,Organic Non-Fat Dry Milk Powder,NOW Foods,1 serving,supplements,0733739058324
DSLD_0733739030719,Foods Quercetin With Bromelain Now Foods,Foods Quercetin With Bromelain Now Foods,NOW Foods,1 serving,supplements,0733739030719
DSLD_0733739062574,Organic Golden Flax Seed Meal,Organic Golden Flax Seed Meal,NOW Foods,1 serving,supplements,0733739062574
DSLD_0733739856951,Organic Crystallized Ginger Slices,Organic Crystallized Ginger Slices,NOW Foods,1 serving,supplements,0733739856951
DSLD_0733739062857,Organic millet,Organic millet,NOW Foods,1 serving,supplements,0733739062857
DSLD_0733739057020,Organic Mango Bites,Organic Mango Bites,NOW Foods,1 serving,supplements,0733739057020
DSLD_0733739057600,Pineapple Rings,Pineapple Rings,NOW Foods,1 serving,supplements,0733739057600
DSLD_0733739056757,"Unsweetened, Shredded Organic Coconut","Unsweetened, Shredded Organic Coconut",NOW Foods,1 serving,supplements,0733739056757
DSLD_0733739067241,Garlic Sesame Sticks,Garlic Sesame Sticks,NOW Foods,1 serving,supplements,0733739067241
DSLD_0733739058355,Organic Coconut Milk Powder,Organic Coconut Milk Powder,NOW Foods,1 serving,supplements,0733739058355
DSLD_0733739869029,Organic Confectioner's Erythritol,Organic Confectioner's Erythritol,NOW Foods,1 serving,supplements,0733739869029
DSLD_0733739071255,Organic Monk Fruit Packets,Organic Monk Fruit Packets,NOW Foods,1 serving,supplements,0733739071255
DSLD_0733739059512,Organic Oat Bran,Organic Oat Bran,NOW Foods,1 serving,supplements,0733739059512
DSLD_0733739070357,Organic Raw Sesame Seeds,Organic Raw Sesame Seeds,NOW Foods,1 serving,supplements,0733739070357
DSLD_0733739071309,Organic Dark Brown Sugar,Organic Dark Brown Sugar,NOW Foods,1 serving,supplements,0733739071309
DSLD_0733739071132,Monk Fruit Liquid Sweetener - Amaretto,Monk Fruit Liquid Sweetener - Amaretto,NOW Foods,1 serving,supplements,0733739071132
DSLD_0733739063113,Certified Organic Quinoa Whole Grain,Certified Organic Quinoa Whole Grain,NOW Foods,1 serving,supplements,0733739063113
DSLD_0733739070500,Raw Sunflower Seeds Unsalted,Raw Sunflower Seeds Unsalted,NOW Foods,1 serving,supplements,0733739070500
DSLD_0733739062567,Organic Flax Seed Meal,Organic Flax Seed Meal,NOW Foods,1 serving,supplements,0733739062567
DSLD_0733739066282,Organic hemp seeds,Organic hemp seeds,NOW Foods,1 serving,supplements,0733739066282
DSLD_0733739029669,Plant Enzymes,Plant Enzymes,NOW Foods,1 serving,supplements,0733739029669
DSLD_0733739069337,Fructose Sweetener,Fructose Sweetener,NOW Foods,1 serving,supplements,0733739069337
DSLD_0733739024633,"Now foods, Purification des reins","Now foods, Purification des reins",NOW Foods,1 serving,supplements,0733739024633
DSLD_0733739014337,Copper Glycinate,Copper Glycinate,NOW Foods,1 serving,supplements,0733739014337
DSLD_0733739022028,TestoJack 300,TestoJack 300,NOW Foods,1 serving,supplements,0733739022028
DSLD_0733739009951,MK-7 Vitamin K-2,MK-7 Vitamin K-2,NOW Foods,1 serving,vitamins,0733739009951
DSLD_0733739062666,Organic Flax Seed Meal,Organic Flax Seed Meal,NOW Foods,1 serving,supplements,0733739062666
DSLD_0733739970572,Roasted Almonds With Sea Salt,Roasted Almonds With Sea Salt,NOW Foods,1 serving,supplements,0733739970572
DSLD_0733739873217,Citric Acid,Citric Acid,NOW Foods,1 serving,supplements,0733739873217
DSLD_0733739870193,Dry Roasted Macadamia Nuts With Sea Salt,Dry Roasted Macadamia Nuts With Sea Salt,NOW Foods,1 serving,supplements,0733739870193
DSLD_0733739873200,Citric Acid,Citric Acid,NOW Foods,1 serving,supplements,0733739873200
DSLD_0733739869654,Organic Sucanat Cane Sugar,Organic Sucanat Cane Sugar,NOW Foods,1 serving,supplements,0733739869654
DSLD_0733739869203,Organic Date Sugar,Organic Date Sugar,NOW Foods,1 serving,supplements,0733739869203
DSLD_0733739860057,Almond Flour,Almond Flour,NOW Foods,1 serving,supplements,0733739860057
DSLD_0733739860071,Organic Almond Flour Superfine,Organic Almond Flour Superfine,NOW Foods,1 serving,supplements,0733739860071
DSLD_0733739869166,Organic Monk Fruit Liquid Sweetener,Organic Monk Fruit Liquid Sweetener,NOW Foods,1 serving,supplements,0733739869166
DSLD_0733739817259,Organic Virgin Coconut Oil,Organic Virgin Coconut Oil,NOW Foods,1 serving,supplements,0733739817259
DSLD_0733739817266,Organic Virgin Coconut Oil,Organic Virgin Coconut Oil,NOW Foods,1 serving,supplements,0733739817266
DSLD_0733739071392,Organic Xylitol,Organic Xylitol,NOW Foods,1 serving,supplements,0733739071392
DSLD_0733739072153,Broccoli Seeds,Broccoli Seeds,NOW Foods,1 serving,supplements,0733739072153
DSLD_0733739073211,Citric Acid,Citric Acid,NOW Foods,1 serving,supplements,0733739073211
DSLD_0733739071194,Raw Macadamia Nuts Unsalted,Raw Macadamia Nuts Unsalted,NOW Foods,1 serving,supplements,0733739071194
DSLD_0733739071217,Organic Monk Fruit Extract Powder,Organic Monk Fruit Extract Powder,NOW Foods,1 serving,supplements,0733739071217
DSLD_0733739071323,Slender Zero ™ Organic Allulose,Slender Zero ™ Organic Allulose,NOW Foods,1 serving,supplements,0733739071323
DSLD_0733739070654,Whole Raw Cashews Unsalted,Whole Raw Cashews Unsalted,NOW Foods,1 serving,supplements,0733739070654
DSLD_0733739071002,Avocado Oil,Avocado Oil,NOW Foods,1 serving,supplements,0733739071002
DSLD_0733739070517,Dry Roasted & Unsalted Hazelnuts,Dry Roasted & Unsalted Hazelnuts,NOW Foods,1 serving,supplements,0733739070517
DSLD_0733739070548,Roasted Sunflower Seeds Salted,Roasted Sunflower Seeds Salted,NOW Foods,1 serving,supplements,0733739070548
DSLD_0733739070562,Roasted Sunflower Seeds Unsalted,Roasted Sunflower Seeds Unsalted,NOW Foods,1 serving,supplements,0733739070562
DSLD_0733739070579,Roasted Almonds With Sea Salt,Roasted Almonds With Sea Salt,NOW Foods,1 serving,supplements,0733739070579
DSLD_0733739069894,Xylitol,Xylitol,NOW Foods,1 serving,supplements,0733739069894
DSLD_0733739070098,Roasted Almonds With Sea Salt,Roasted Almonds With Sea Salt,NOW Foods,1 serving,supplements,0733739070098
DSLD_0733739069238,Erythritol,Erythritol,NOW Foods,1 serving,supplements,0733739069238
DSLD_0733739069276,Erythritol,Erythritol,NOW Foods,1 serving,supplements,0733739069276
DSLD_0733739069108,Organic Beet Sugar,Organic Beet Sugar,NOW Foods,1 serving,supplements,0733739069108
DSLD_0733739062765,Organic Golden Flax Seeds,Organic Golden Flax Seeds,NOW Foods,1 serving,supplements,0733739062765
DSLD_0733739062116,Organic Amaranth Whole Grain,Organic Amaranth Whole Grain,NOW Foods,1 serving,supplements,0733739062116
DSLD_0733739062420,Organic Milled White Chia Seed,Organic Milled White Chia Seed,NOW Foods,1 serving,supplements,0733739062420
DSLD_0733739062581,Organic Flax Seeds,Organic Flax Seeds,NOW Foods,1 serving,supplements,0733739062581
DSLD_0733739060051,Almond Flour,Almond Flour,NOW Foods,1 serving,supplements,0733739060051
DSLD_0733739060068,Almond Flour,Almond Flour,NOW Foods,1 serving,supplements,0733739060068
DSLD_0733739060075,Organic Almond Flour Superfine,Organic Almond Flour Superfine,NOW Foods,1 serving,supplements,0733739060075
DSLD_0733739058348,Organic Oat Milk Powder,Organic Oat Milk Powder,NOW Foods,1 serving,supplements,0733739058348
DSLD_0733739059611,Organic Hemp Protein Powder,Organic Hemp Protein Powder,NOW Foods,1 serving,proteins,0733739059611
DSLD_0068120413087,Heart health garlic 500 mg,Heart health garlic 500 mg,NOW Foods,1 serving,supplements,0068120413087
DSLD_0768649059086,Healthy foods apple fiber with apple pectin,Healthy foods apple fiber with apple pectin,NOW Foods,1 serving,supplements,0768649059086
DSLD_0733739070494,Organic Raw Pecans,Organic Raw Pecans,NOW Foods,1 serving,supplements,0733739070494
DSLD_0733739009302,Vitamin E-Oil With Mixed Tocopherols,Vitamin E-Oil With Mixed Tocopherols,NOW Foods,1 serving,vitamins,0733739009302
DSLD_0733739006776,NOW Foods Product 181,NOW Foods Product 181,NOW Foods,1 serving,supplements,0733739006776
DSLD_0733739071156,Organic monk fruit extract,Organic monk fruit extract,NOW Foods,1 serving,supplements,0733739071156
